"Data Source","Jobs",

"Last Updated Date","2025-07-01",

"Country Name","Country Code","Indicator Name","Indicator Code","1990","1991","1992","1993","1994","1995","1996","1997","1998","1999","2000","2001","2002","2003","2004","2005","2006","2007","2008","2009","2010","2011","2012","2013","2014","2015","2016",
"Aruba","ABW","Prevalence of HIV, total (% of population ages 15-49)","SH.DYN.AIDS.ZS","","","","","","","","","","","","","","","","","","","","","","","","","","","",
"Afghanistan","AFG","Prevalence of HIV, total (% of population ages 15-49)","SH.DYN.AIDS.ZS","","","","","","","","","","","","","","","","","","","","","","","","","","","",
"Angola","AGO","Prevalence of HIV, total (% of population ages 15-49)","SH.DYN.AIDS.ZS","0.2","0.3","0.3","0.4","0.4","0.5","0.6","0.7","0.8","0.9","1","1.1","1.2","1.3","1.3","1.4","1.5","1.6","1.6","1.7","1.8","1.8","1.8","1.9","1.9","1.9","1.9",
"Albania","ALB","Prevalence of HIV, total (% of population ages 15-49)","SH.DYN.AIDS.ZS","0.1","0.1","0.1","0.1","0.1","0.1","0.1","0.1","0.1","0.1","0.1","0.1","0.1","0.1","0.1","0.1","0.1","0.1","0.1","0.1","0.1","0.1","0.1","0.1","0.1","0.1","0.1",
"Andorra","AND","Prevalence of HIV, total (% of population ages 15-49)","SH.DYN.AIDS.ZS","","","","","","","","","","","","","","","","","","","","","","","","","","","",
"Arab World","ARB","Prevalence of HIV, total (% of population ages 15-49)","SH.DYN.AIDS.ZS","0.102579829872699","0.10462807431678","0.105073319376324","0.107113856612632","","","","","","","","","","","","","","","","","","","","","","","",
"United Arab Emirates","ARE","Prevalence of HIV, total (% of population ages 15-49)","SH.DYN.AIDS.ZS","","","","","","","","","","","","","","","","","","","","","","","","","","","",
"Argentina","ARG","Prevalence of HIV, total (% of population ages 15-49)","SH.DYN.AIDS.ZS","0.1","0.2","0.2","0.3","0.3","0.3","0.3","0.3","0.3","0.3","0.3","0.3","0.3","0.3","0.3","0.3","0.3","0.4","0.4","0.4","0.4","0.4","0.4","0.4","0.4","0.4","0.4",
"Armenia","ARM","Prevalence of HIV, total (% of population ages 15-49)","SH.DYN.AIDS.ZS","0.1","0.1","0.1","0.1","0.1","0.1","0.1","0.1","0.1","0.1","0.1","0.1","0.1","0.2","0.2","0.2","0.2","0.2","0.2","0.2","0.2","0.2","0.2","0.2","0.2","0.2","0.2",
"American Samoa","ASM","Prevalence of HIV, total (% of population ages 15-49)","SH.DYN.AIDS.ZS","","","","","","","","","","","","","","","","","","","","","","","","","","","",
"Antigua and Barbuda","ATG","Prevalence of HIV, total (% of population ages 15-49)","SH.DYN.AIDS.ZS","","","","","","","","","","","","","","","","","","","","","","","","","","","",
"Australia","AUS","Prevalence of HIV, total (% of population ages 15-49)","SH.DYN.AIDS.ZS","0.1","0.1","0.1","0.1","0.1","0.1","0.1","0.1","0.1","0.1","0.1","0.1","0.1","0.1","0.1","0.1","0.1","0.1","0.1","0.1","0.1","0.1","0.1","0.1","0.1","0.1","0.1",
"Austria","AUT","Prevalence of HIV, total (% of population ages 15-49)","SH.DYN.AIDS.ZS","0.1","0.1","0.1","0.1","0.1","0.1","0.1","0.1","0.1","0.1","0.1","0.1","0.1","0.1","0.1","0.1","0.1","0.1","0.1","0.1","0.1","0.1","0.1","0.1","0.1","0.1","0.1",
"Azerbaijan","AZE","Prevalence of HIV, total (% of population ages 15-49)","SH.DYN.AIDS.ZS","0.1","0.1","0.1","0.1","0.1","0.1","0.1","0.1","0.1","0.1","0.1","0.1","0.1","0.1","0.1","0.1","0.1","0.1","0.1","0.1","0.1","0.1","0.1","0.1","0.1","0.1","0.1",
"Burundi","BDI","Prevalence of HIV, total (% of population ages 15-49)","SH.DYN.AIDS.ZS","2.2","2.6","3","3.3","3.6","3.8","3.9","4","3.9","3.7","3.5","3.3","3","2.8","2.5","2.3","2","1.9","1.7","1.6","1.5","1.4","1.3","1.2","1.2","1.1","1.1",
"Belgium","BEL","Prevalence of HIV, total (% of population ages 15-49)","SH.DYN.AIDS.ZS","","","","","","","","","","","","","","","","","","","","","","","","","","","",
"Benin","BEN","Prevalence of HIV, total (% of population ages 15-49)","SH.DYN.AIDS.ZS","0.2","0.3","0.4","0.6","0.7","0.9","1.1","1.2","1.3","1.4","1.4","1.4","1.4","1.4","1.4","1.3","1.3","1.2","1.1","1.1","1.1","1.1","1.1","1.1","1.1","1","1",
"Burkina Faso","BFA","Prevalence of HIV, total (% of population ages 15-49)","SH.DYN.AIDS.ZS","3.5","3.7","3.8","3.8","3.8","3.7","3.5","3.3","3","2.8","2.5","2.3","2.1","1.8","1.6","1.5","1.4","1.2","1.2","1.1","1","1","0.9","0.9","0.9","0.8","0.8",
"Bangladesh","BGD","Prevalence of HIV, total (% of population ages 15-49)","SH.DYN.AIDS.ZS","0.1","0.1","0.1","0.1","0.1","0.1","0.1","0.1","0.1","0.1","0.1","0.1","0.1","0.1","0.1","0.1","0.1","0.1","0.1","0.1","0.1","0.1","0.1","0.1","0.1","0.1","0.1",
"Bulgaria","BGR","Prevalence of HIV, total (% of population ages 15-49)","SH.DYN.AIDS.ZS","0.1","0.1","0.1","0.1","0.1","0.1","0.1","0.1","0.1","0.1","0.1","0.1","0.1","0.1","0.1","0.1","0.1","0.1","0.1","0.1","0.1","0.1","0.1","0.1","0.1","0.1","0.1",
"Bahrain","BHR","Prevalence of HIV, total (% of population ages 15-49)","SH.DYN.AIDS.ZS","0.1","0.1","0.1","0.1","0.1","0.1","0.1","0.1","0.1","0.1","0.1","0.1","0.1","0.1","0.1","0.1","0.1","0.1","0.1","0.1","0.1","0.1","0.1","0.1","0.1","0.1","0.1",
"Bahamas, The","BHS","Prevalence of HIV, total (% of population ages 15-49)","SH.DYN.AIDS.ZS","2.2","2.3","2.5","2.6","2.7","2.8","2.9","2.9","2.9","2.9","2.9","2.8","2.7","2.7","2.6","2.6","2.6","2.5","2.5","2.4","2.4","2.3","2.3","2.2","2.1","2","2",
"Bosnia and Herzegovina","BIH","Prevalence of HIV, total (% of population ages 15-49)","SH.DYN.AIDS.ZS","","","","","","","","","","","","","","","","","","","","","","","","","","","",
"Belarus","BLR","Prevalence of HIV, total (% of population ages 15-49)","SH.DYN.AIDS.ZS","0.1","0.1","0.1","0.1","0.1","0.1","0.1","0.1","0.1","0.1","0.1","0.1","0.1","0.1","0.1","0.1","0.1","0.1","0.1","0.1","0.2","0.2","0.2","0.3","0.3","0.4","0.4",
"Belize","BLZ","Prevalence of HIV, total (% of population ages 15-49)","SH.DYN.AIDS.ZS","0.1","0.1","0.2","0.3","0.4","0.6","0.7","0.8","0.9","1","1","1.1","1.2","1.2","1.3","1.4","1.4","1.5","1.5","1.6","1.6","1.7","1.7","1.8","1.8","1.8","1.9",
"Bermuda","BMU","Prevalence of HIV, total (% of population ages 15-49)","SH.DYN.AIDS.ZS","","","","","","","","","","","","","","","","","","","","","","","","","","","",
"Bolivia","BOL","Prevalence of HIV, total (% of population ages 15-49)","SH.DYN.AIDS.ZS","0.1","0.1","0.1","0.1","0.1","0.1","0.1","0.1","0.1","0.2","0.2","0.2","0.2","0.2","0.3","0.3","0.3","0.3","0.3","0.3","0.3","0.3","0.3","0.3","0.3","0.3","0.3",
"Brazil","BRA","Prevalence of HIV, total (% of population ages 15-49)","SH.DYN.AIDS.ZS","0.2","0.2","0.2","0.2","0.3","0.3","0.3","0.3","0.3","0.3","0.3","0.4","0.4","0.4","0.4","0.4","0.5","0.5","0.5","0.5","0.5","0.5","0.5","0.6","0.6","0.6","0.6",
"Barbados","BRB","Prevalence of HIV, total (% of population ages 15-49)","SH.DYN.AIDS.ZS","0.1","0.1","0.1","0.1","0.1","0.2","0.2","0.2","0.3","0.3","0.4","0.5","0.5","0.6","0.7","0.8","0.9","1","1.1","1.2","1.3","1.3","1.4","1.5","1.5","1.5","1.6",
"Brunei Darussalam","BRN","Prevalence of HIV, total (% of population ages 15-49)","SH.DYN.AIDS.ZS","","","","","","","","","","","","","","","","","","","","","","","","","","","",
"Bhutan","BTN","Prevalence of HIV, total (% of population ages 15-49)","SH.DYN.AIDS.ZS","","","","","","","","","","","","","","","","","","","","","","","","","","","",
"Botswana","BWA","Prevalence of HIV, total (% of population ages 15-49)","SH.DYN.AIDS.ZS","6.1","8.6","11.4","14.5","17.5","20.3","22.7","24.6","26","26.7","27","26.8","26.3","25.6","25","24.5","24.1","23.8","23.6","23.4","23.2","23.1","23.1","23.1","23.1","23.1","23",
"Central African Republic","CAF","Prevalence of HIV, total (% of population ages 15-49)","SH.DYN.AIDS.ZS","3.5","4.6","5.8","6.9","8","8.8","9.5","9.8","9.9","9.7","9.3","8.7","8.2","7.6","7","6.5","6","5.6","5.3","5.1","4.9","4.8","4.6","4.5","4.3","4.2","4.1",
"Canada","CAN","Prevalence of HIV, total (% of population ages 15-49)","SH.DYN.AIDS.ZS","","","","","","","","","","","","","","","","","","","","","","","","","","","",
"Switzerland","CHE","Prevalence of HIV, total (% of population ages 15-49)","SH.DYN.AIDS.ZS","","","","","","","","","","","","","","","","","","","","","","","","","","","",
"Channel Islands","CHI","Prevalence of HIV, total (% of population ages 15-49)","SH.DYN.AIDS.ZS","","","","","","","","","","","","","","","","","","","","","","","","","","","",
"Chile","CHL","Prevalence of HIV, total (% of population ages 15-49)","SH.DYN.AIDS.ZS","0.1","0.1","0.1","0.1","0.1","0.1","0.2","0.2","0.2","0.2","0.2","0.2","0.2","0.3","0.3","0.3","0.3","0.3","0.3","0.3","0.4","0.4","0.4","0.4","0.5","0.5","0.5",
"China","CHN","Prevalence of HIV, total (% of population ages 15-49)","SH.DYN.AIDS.ZS","","","","","","","","","","","","","","","","","","","","","","","","","","","",
"Cote d'Ivoire","CIV","Prevalence of HIV, total (% of population ages 15-49)","SH.DYN.AIDS.ZS","4.1","5","5.9","6.7","7.3","7.9","8.2","8.3","8.3","8","7.7","7.2","6.7","6.1","5.6","5.1","4.7","4.4","4.1","3.9","3.6","3.5","3.3","3.2","3","2.9","2.8",
"Cameroon","CMR","Prevalence of HIV, total (% of population ages 15-49)","SH.DYN.AIDS.ZS","0.9","1.2","1.5","1.9","2.3","2.8","3.2","3.6","4","4.4","4.6","4.8","5","5.1","5.1","5.1","5","4.9","4.8","4.7","4.6","4.5","4.4","4.2","4.1","3.9","3.8",
"Congo, Dem. Rep.","COD","Prevalence of HIV, total (% of population ages 15-49)","SH.DYN.AIDS.ZS","1.6","1.8","1.8","1.9","2","2.1","2.1","2.1","2.2","2.1","2.1","2.1","2","1.9","1.8","1.7","1.6","1.5","1.4","1.3","1.2","1.1","1","0.9","0.9","0.8","0.7",
"Congo, Rep.","COG","Prevalence of HIV, total (% of population ages 15-49)","SH.DYN.AIDS.ZS","3.2","3.7","4.2","4.5","4.7","4.8","4.8","4.8","4.6","4.5","4.3","4.1","3.9","3.8","3.6","3.5","3.4","3.3","3.3","3.2","3.2","3.2","3.2","3.2","3.2","3.2","3.2",
"Colombia","COL","Prevalence of HIV, total (% of population ages 15-49)","SH.DYN.AIDS.ZS","0.1","0.2","0.3","0.4","0.4","0.5","0.5","0.6","0.6","0.6","0.6","0.6","0.6","0.6","0.5","0.5","0.5","0.5","0.5","0.5","0.5","0.5","0.5","0.5","0.5","0.5","0.5",
"Comoros","COM","Prevalence of HIV, total (% of population ages 15-49)","SH.DYN.AIDS.ZS","0.1","0.1","0.1","0.1","0.1","0.1","0.1","0.1","0.1","0.1","0.1","0.1","0.1","0.1","0.1","0.1","0.1","0.1","0.1","0.1","0.1","0.1","0.1","0.1","0.1","0.1","0.1",
"Cabo Verde","CPV","Prevalence of HIV, total (% of population ages 15-49)","SH.DYN.AIDS.ZS","0.4","0.5","0.5","0.6","0.7","0.7","0.8","0.8","0.8","0.9","0.9","0.9","0.9","0.9","0.9","0.8","0.8","0.8","0.7","0.7","0.7","0.7","0.7","0.6","0.6","0.6","0.6",
"Costa Rica","CRI","Prevalence of HIV, total (% of population ages 15-49)","SH.DYN.AIDS.ZS","0.1","0.1","0.1","0.1","0.1","0.1","0.1","0.1","0.1","0.1","0.1","0.1","0.2","0.2","0.2","0.2","0.2","0.2","0.2","0.2","0.3","0.3","0.3","0.3","0.3","0.4","0.4",
"Cuba","CUB","Prevalence of HIV, total (% of population ages 15-49)","SH.DYN.AIDS.ZS","0.1","0.1","0.1","0.1","0.1","0.1","0.1","0.1","0.1","0.1","0.1","0.1","0.1","0.1","0.1","0.1","0.2","0.2","0.2","0.2","0.3","0.3","0.3","0.3","0.4","0.4","0.4",
"Curacao","CUW","Prevalence of HIV, total (% of population ages 15-49)","SH.DYN.AIDS.ZS","","","","","","","","","","","","","","","","","","","","","","","","","","","",
"Cayman Islands","CYM","Prevalence of HIV, total (% of population ages 15-49)","SH.DYN.AIDS.ZS","","","","","","","","","","","","","","","","","","","","","","","","","","","",
"Cyprus","CYP","Prevalence of HIV, total (% of population ages 15-49)","SH.DYN.AIDS.ZS","0.1","0.1","0.1","0.1","0.1","0.1","0.1","0.1","0.1","0.1","0.1","0.1","0.1","0.1","0.1","0.1","0.1","0.1","0.1","0.1","0.1","0.1","0.1","0.1","0.1","0.1","0.1",
"Czech Republic","CZE","Prevalence of HIV, total (% of population ages 15-49)","SH.DYN.AIDS.ZS","0.1","0.1","0.1","0.1","0.1","0.1","0.1","0.1","0.1","0.1","0.1","0.1","0.1","0.1","0.1","0.1","0.1","0.1","0.1","0.1","0.1","0.1","0.1","0.1","0.1","0.1","0.1",
"Germany","DEU","Prevalence of HIV, total (% of population ages 15-49)","SH.DYN.AIDS.ZS","0.1","0.1","0.1","0.1","0.1","0.1","0.1","0.1","0.1","0.1","0.1","0.1","0.1","0.1","0.1","0.1","0.1","0.1","0.1","0.1","0.1","0.1","0.1","0.1","0.1","0.2","0.2",
"Djibouti","DJI","Prevalence of HIV, total (% of population ages 15-49)","SH.DYN.AIDS.ZS","0.1","0.3","0.4","0.6","0.9","1.2","1.6","1.9","2.2","2.5","2.7","2.8","2.8","2.8","2.6","2.5","2.3","2.2","2","1.9","1.7","1.6","1.5","1.5","1.4","1.4","1.3",
"Dominica","DMA","Prevalence of HIV, total (% of population ages 15-49)","SH.DYN.AIDS.ZS","","","","","","","","","","","","","","","","","","","","","","","","","","","",
"Denmark","DNK","Prevalence of HIV, total (% of population ages 15-49)","SH.DYN.AIDS.ZS","0.1","0.1","0.1","0.1","0.1","0.1","0.1","0.1","0.1","0.1","0.1","0.1","0.1","0.2","0.2","0.2","0.2","0.2","0.2","0.2","0.2","0.2","0.2","0.2","0.2","0.1","0.1",
"Dominican Republic","DOM","Prevalence of HIV, total (% of population ages 15-49)","SH.DYN.AIDS.ZS","0.5","0.6","0.8","0.9","1.1","1.2","1.4","1.5","1.7","1.8","1.9","1.9","1.9","1.9","1.9","1.8","1.7","1.6","1.5","1.4","1.3","1.3","1.2","1.1","1","1","1",
"Algeria","DZA","Prevalence of HIV, total (% of population ages 15-49)","SH.DYN.AIDS.ZS","0.1","0.1","0.1","0.1","0.1","0.1","0.1","0.1","0.1","0.1","0.1","0.1","0.1","0.1","0.1","0.1","0.1","0.1","0.1","0.1","0.1","0.1","0.1","0.1","0.1","0.1","0.1",
"East Asia & Pacific (excluding high income)","EAP","Prevalence of HIV, total (% of population ages 15-49)","SH.DYN.AIDS.ZS","","","","","","","","","","","","","","","","","","","","","","","","","","","",
"East Asia & Pacific","EAS","Prevalence of HIV, total (% of population ages 15-49)","SH.DYN.AIDS.ZS","","","","","","","","","","","","","","","","","","","","","","","","","","","",
"Europe & Central Asia (excluding high income)","ECA","Prevalence of HIV, total (% of population ages 15-49)","SH.DYN.AIDS.ZS","0.1","0.1","0.1","0.1","0.115739295772618","0.131289189832403","0.146524026067272","0.16160624247495","0.176554879031413","0.191253354918196","0.205504552493309","0.204604008278787","0.273061690360796","0.27409526990435","0.334043679224436","0.332815065095981","0.380111754657224","0.381615984227101","0.426247063760748","0.42580245403565","0.458125972622141","0.501929555479809","0.501678931495681","0.54764918928317","0.59573805624539","0.640039805613236","0.684328825599761",
"Europe & Central Asia","ECS","Prevalence of HIV, total (% of population ages 15-49)","SH.DYN.AIDS.ZS","0.113818497154003","0.113899308719054","0.138326204471933","0.139844607220612","0.147583845552291","0.156814119245906","0.164385577874798","0.171937665599355","0.18998437880283","0.197573337131818","0.21310369228054","0.212959572993904","0.249317864770909","0.251047345852702","0.29276503866741","0.292361027874076","0.316262699660371","0.317110874895676","0.339769553488671","0.339711432954625","0.356831436008178","0.379436493195032","0.389910357078209","0.412873119272525","0.428567834087343","0.461330697682685","0.484025547002734",
"Ecuador","ECU","Prevalence of HIV, total (% of population ages 15-49)","SH.DYN.AIDS.ZS","0.1","0.2","0.2","0.2","0.2","0.3","0.3","0.3","0.3","0.3","0.4","0.4","0.4","0.4","0.4","0.4","0.3","0.3","0.3","0.3","0.3","0.3","0.3","0.3","0.3","0.3","0.3",
"Egypt, Arab Rep.","EGY","Prevalence of HIV, total (% of population ages 15-49)","SH.DYN.AIDS.ZS","0.1","0.1","0.1","0.1","0.1","0.1","0.1","0.1","0.1","0.1","0.1","0.1","0.1","0.1","0.1","0.1","0.1","0.1","0.1","0.1","0.1","0.1","0.1","0.1","0.1","0.1","0.1",
"Euro area","EMU","Prevalence of HIV, total (% of population ages 15-49)","SH.DYN.AIDS.ZS","0.129716555464286","0.129908838417083","0.18265816704392","0.186250084752373","0.186536001122484","0.190111831277283","0.190333877104137","0.190530166094363","0.213846896893245","0.214385803765764","0.232873132502989","0.233483469820384","0.237694146496625","0.238581007635082","0.264016671005349","0.264454945902136","0.26484301435217","0.26532105072028","0.266265201391746","0.266683853631065","0.268621532906478","0.269475051960916","0.293082484583253","0.293045417856045","0.274530107320188","0.299473292484977","0.300262900462678",
"Eritrea","ERI","Prevalence of HIV, total (% of population ages 15-49)","SH.DYN.AIDS.ZS","0.5","0.7","0.9","1.1","1.3","1.4","1.6","1.6","1.7","1.6","1.6","1.5","1.4","1.3","1.2","1.1","1","0.9","0.9","0.8","0.8","0.7","0.7","0.7","0.6","0.6","0.6",
"Spain","ESP","Prevalence of HIV, total (% of population ages 15-49)","SH.DYN.AIDS.ZS","0.3","0.3","0.4","0.4","0.4","0.4","0.4","0.4","0.4","0.4","0.4","0.4","0.4","0.4","0.4","0.4","0.4","0.4","0.4","0.4","0.4","0.4","0.4","0.4","0.4","0.4","0.4",
"Estonia","EST","Prevalence of HIV, total (% of population ages 15-49)","SH.DYN.AIDS.ZS","0.1","0.1","0.1","0.1","0.1","0.1","0.1","0.1","0.1","0.2","0.2","0.3","0.4","0.5","0.5","0.5","0.5","0.5","0.6","0.6","0.6","0.6","0.6","0.6","0.6","0.6","0.7",
"Ethiopia","ETH","Prevalence of HIV, total (% of population ages 15-49)","SH.DYN.AIDS.ZS","1.8","2.2","2.6","2.9","3.2","3.4","3.6","3.6","3.6","3.5","3.4","3.2","2.9","2.7","2.4","2.2","2","1.8","1.6","1.5","1.4","1.3","1.2","1.1","1.1","1","1",
"European Union","EUU","Prevalence of HIV, total (% of population ages 15-49)","SH.DYN.AIDS.ZS","0.124936660407214","0.125120336317325","0.169456948268803","0.172446170366639","0.172648397862688","0.175638481350223","0.17582415259841","0.176017841652052","0.195649914089755","0.196159233165232","0.211765454158782","0.212515951121703","0.216352331096893","0.218671776148244","0.240364501752765","0.240895317538517","0.241391092631359","0.242035912432622","0.243062300437314","0.243519572316622","0.245215828147559","0.245824997267028","0.265871688476399","0.265772486507418","0.249966393834235","0.269620774355898","0.270308220396398",
"Finland","FIN","Prevalence of HIV, total (% of population ages 15-49)","SH.DYN.AIDS.ZS","","","","","","","","","","","","","","","","","","","","","","","","","","","",
"Fiji","FJI","Prevalence of HIV, total (% of population ages 15-49)","SH.DYN.AIDS.ZS","","","","","","","","","","","","","","","","","","","","","","","","","","","",
"France","FRA","Prevalence of HIV, total (% of population ages 15-49)","SH.DYN.AIDS.ZS","0.1","0.1","0.2","0.2","0.2","0.2","0.2","0.2","0.3","0.3","0.3","0.3","0.3","0.3","0.4","0.4","0.4","0.4","0.4","0.4","0.4","0.4","0.5","0.5","0.5","0.5","0.5",
"Faroe Islands","FRO","Prevalence of HIV, total (% of population ages 15-49)","SH.DYN.AIDS.ZS","","","","","","","","","","","","","","","","","","","","","","","","","","","",
"Micronesia, Fed. Sts.","FSM","Prevalence of HIV, total (% of population ages 15-49)","SH.DYN.AIDS.ZS","","","","","","","","","","","","","","","","","","","","","","","","","","","",
"Gabon","GAB","Prevalence of HIV, total (% of population ages 15-49)","SH.DYN.AIDS.ZS","0.8","1","1.3","1.6","1.9","2.2","2.5","2.8","3.1","3.3","3.5","3.7","3.8","3.8","3.9","4","4","4.1","4.1","4.1","4.2","4.2","4.2","4.2","4.2","4.3","4.3",
"United Kingdom","GBR","Prevalence of HIV, total (% of population ages 15-49)","SH.DYN.AIDS.ZS","","","","","","","","","","","","","","","","","","","","","","","","","","","",
"Georgia","GEO","Prevalence of HIV, total (% of population ages 15-49)","SH.DYN.AIDS.ZS","0.1","0.1","0.1","0.1","0.1","0.1","0.1","0.1","0.1","0.1","0.1","0.1","0.1","0.1","0.1","0.1","0.1","0.2","0.2","0.2","0.2","0.3","0.3","0.3","0.4","0.4","0.4",
"Ghana","GHA","Prevalence of HIV, total (% of population ages 15-49)","SH.DYN.AIDS.ZS","1.1","1.3","1.5","1.7","1.9","2.1","2.3","2.4","2.5","2.6","2.6","2.6","2.6","2.6","2.5","2.4","2.4","2.3","2.2","2.1","2","2","1.9","1.8","1.8","1.7","1.7",
"Gibraltar","GIB","Prevalence of HIV, total (% of population ages 15-49)","SH.DYN.AIDS.ZS","","","","","","","","","","","","","","","","","","","","","","","","","","","",
"Guinea","GIN","Prevalence of HIV, total (% of population ages 15-49)","SH.DYN.AIDS.ZS","0.8","1","1.1","1.3","1.4","1.6","1.6","1.7","1.8","1.8","1.8","1.8","1.8","1.8","1.7","1.7","1.7","1.7","1.7","1.6","1.6","1.6","1.6","1.6","1.6","1.6","1.5",
"Gambia, The","GMB","Prevalence of HIV, total (% of population ages 15-49)","SH.DYN.AIDS.ZS","0.1","0.1","0.2","0.3","0.4","0.5","0.7","0.9","1.1","1.3","1.5","1.7","1.9","2","2.1","2.2","2.2","2.2","2.2","2.1","2.1","2","2","1.9","1.9","1.8","1.7",
"Guinea-Bissau","GNB","Prevalence of HIV, total (% of population ages 15-49)","SH.DYN.AIDS.ZS","0.3","0.4","0.5","0.7","0.9","1.1","1.4","1.7","2","2.3","2.6","2.9","3.2","3.5","3.7","3.9","4","4","4.1","4","4","3.9","3.9","3.8","3.7","3.6","3.5",
"Equatorial Guinea","GNQ","Prevalence of HIV, total (% of population ages 15-49)","SH.DYN.AIDS.ZS","1","1.1","1.3","1.6","1.8","2.1","2.3","2.6","2.9","3.1","3.4","3.7","3.9","4.2","4.4","4.7","4.9","5.1","5.3","5.6","5.8","6","6.1","6.3","6.4","6.5","6.5",
"Greece","GRC","Prevalence of HIV, total (% of population ages 15-49)","SH.DYN.AIDS.ZS","0.1","0.1","0.1","0.1","0.1","0.1","0.1","0.1","0.1","0.1","0.1","0.1","0.1","0.1","0.1","0.1","0.1","0.1","0.1","0.1","0.1","0.1","0.2","0.2","0.2","0.2","0.2",
"Grenada","GRD","Prevalence of HIV, total (% of population ages 15-49)","SH.DYN.AIDS.ZS","","","","","","","","","","","","","","","","","","","","","","","","","","","",
"Greenland","GRL","Prevalence of HIV, total (% of population ages 15-49)","SH.DYN.AIDS.ZS","","","","","","","","","","","","","","","","","","","","","","","","","","","",
"Guatemala","GTM","Prevalence of HIV, total (% of population ages 15-49)","SH.DYN.AIDS.ZS","0.1","0.1","0.1","0.1","0.1","0.1","0.1","0.2","0.2","0.3","0.3","0.3","0.4","0.4","0.4","0.4","0.5","0.5","0.5","0.5","0.5","0.5","0.5","0.5","0.5","0.5","0.5",
"Guam","GUM","Prevalence of HIV, total (% of population ages 15-49)","SH.DYN.AIDS.ZS","","","","","","","","","","","","","","","","","","","","","","","","","","","",
"Guyana","GUY","Prevalence of HIV, total (% of population ages 15-49)","SH.DYN.AIDS.ZS","0.1","0.1","0.1","0.1","0.1","0.2","0.2","0.3","0.4","0.5","0.7","0.8","1","1.1","1.2","1.3","1.4","1.5","1.6","1.6","1.6","1.6","1.7","1.7","1.7","1.7","1.7",
"High income","HIC","Prevalence of HIV, total (% of population ages 15-49)","SH.DYN.AIDS.ZS","","","","","","","","","","","","","","","","","","","","","","","","","","","",
"Hong Kong SAR, China","HKG","Prevalence of HIV, total (% of population ages 15-49)","SH.DYN.AIDS.ZS","","","","","","","","","","","","","","","","","","","","","","","","","","","",
"Honduras","HND","Prevalence of HIV, total (% of population ages 15-49)","SH.DYN.AIDS.ZS","0.8","0.9","1","1.1","1.2","1.3","1.3","1.3","1.2","1.2","1.1","1","1","0.9","0.8","0.7","0.7","0.6","0.6","0.5","0.5","0.5","0.4","0.4","0.4","0.4","0.4",
"Heavily indebted poor countries (HIPC)","HPC","Prevalence of HIV, total (% of population ages 15-49)","SH.DYN.AIDS.ZS","2.38163791071759","2.72904830445257","3.03630751376835","3.3128135477684","3.5645124007286","3.77749980697173","3.9190914340645","3.99757622243091","4.04818290307381","4.03897101144428","3.99374578098729","3.90773200879214","3.7875719728637","3.67349250332998","3.54471440192205","3.41690739712531","3.31699536981625","3.21496245287112","3.13739274341473","3.07306302876749","3.01156048274577","2.95141070496209","2.89264761371981","2.8163390649803","2.77142205742331","2.69072223889585","2.6309566195692",
"Croatia","HRV","Prevalence of HIV, total (% of population ages 15-49)","SH.DYN.AIDS.ZS","","","","","","","","","","","","","","","","","","","","","","","","","","","",
"Haiti","HTI","Prevalence of HIV, total (% of population ages 15-49)","SH.DYN.AIDS.ZS","0.9","1.1","1.2","1.4","1.5","1.7","1.8","1.9","1.9","2","2","2","2","2","2","2","2","1.9","2","2","2","2","2","1.9","1.9","1.9","1.9",
"Hungary","HUN","Prevalence of HIV, total (% of population ages 15-49)","SH.DYN.AIDS.ZS","0.1","0.1","0.1","0.1","0.1","0.1","0.1","0.1","0.1","0.1","0.1","0.1","0.1","0.1","0.1","0.1","0.1","0.1","0.1","0.1","0.1","0.1","0.1","0.1","0.1","0.1","0.1",
"Indonesia","IDN","Prevalence of HIV, total (% of population ages 15-49)","SH.DYN.AIDS.ZS","0.1","0.1","0.1","0.1","0.1","0.1","0.1","0.1","0.1","0.1","0.1","0.1","0.1","0.2","0.2","0.2","0.3","0.3","0.3","0.3","0.4","0.4","0.4","0.4","0.4","0.4","0.4",
"Isle of Man","IMN","Prevalence of HIV, total (% of population ages 15-49)","SH.DYN.AIDS.ZS","","","","","","","","","","","","","","","","","","","","","","","","","","","",
"India","IND","Prevalence of HIV, total (% of population ages 15-49)","SH.DYN.AIDS.ZS","0.1","0.1","0.1","0.2","0.3","0.4","0.4","0.5","0.5","0.5","0.5","0.5","0.5","0.4","0.4","0.4","0.4","0.3","0.3","0.3","0.3","0.3","0.3","0.2","0.2","0.2","0.2",
"Ireland","IRL","Prevalence of HIV, total (% of population ages 15-49)","SH.DYN.AIDS.ZS","0.1","0.1","0.1","0.1","0.1","0.1","0.1","0.1","0.1","0.1","0.1","0.1","0.1","0.1","0.1","0.1","0.1","0.1","0.1","0.1","0.2","0.2","0.2","0.2","0.2","0.2","0.2",
"Iran, Islamic Rep.","IRN","Prevalence of HIV, total (% of population ages 15-49)","SH.DYN.AIDS.ZS","0.1","0.1","0.1","0.1","0.1","0.1","0.1","0.1","0.1","0.1","0.1","0.1","0.1","0.1","0.1","0.1","0.1","0.1","0.1","0.1","0.1","0.1","0.1","0.1","0.1","0.1","0.1",
"Iraq","IRQ","Prevalence of HIV, total (% of population ages 15-49)","SH.DYN.AIDS.ZS","","","","","","","","","","","","","","","","","","","","","","","","","","","",
"Iceland","ISL","Prevalence of HIV, total (% of population ages 15-49)","SH.DYN.AIDS.ZS","","","","","","","","","","","","","","","","","","","","","","","","","","","",
"Israel","ISR","Prevalence of HIV, total (% of population ages 15-49)","SH.DYN.AIDS.ZS","","","","","","","","","","","","","","","","","","","","","","","","","","","",
"Italy","ITA","Prevalence of HIV, total (% of population ages 15-49)","SH.DYN.AIDS.ZS","0.1","0.1","0.2","0.2","0.2","0.2","0.2","0.2","0.2","0.2","0.3","0.3","0.3","0.3","0.3","0.3","0.3","0.3","0.3","0.3","0.3","0.3","0.3","0.3","0.2","0.2","0.2",
"Jamaica","JAM","Prevalence of HIV, total (% of population ages 15-49)","SH.DYN.AIDS.ZS","0.9","1.2","1.5","1.9","2.1","2.2","2.4","2.5","2.5","2.5","2.5","2.5","2.4","2.4","2.3","2.2","2.2","2.1","2","2","2","1.9","1.9","1.9","1.8","1.8","1.8",
"Jordan","JOR","Prevalence of HIV, total (% of population ages 15-49)","SH.DYN.AIDS.ZS","","","","","","","","","","","","","","","","","","","","","","","","","","","",
"Japan","JPN","Prevalence of HIV, total (% of population ages 15-49)","SH.DYN.AIDS.ZS","0.1","0.1","0.1","0.1","0.1","0.1","0.1","0.1","0.1","0.1","0.1","0.1","0.1","0.1","0.1","0.1","0.1","0.1","0.1","0.1","0.1","0.1","0.1","0.1","0.1","0.1","0.1",
"Kazakhstan","KAZ","Prevalence of HIV, total (% of population ages 15-49)","SH.DYN.AIDS.ZS","0.1","0.1","0.1","0.1","0.1","0.1","0.1","0.1","0.1","0.1","0.1","0.1","0.1","0.1","0.1","0.1","0.1","0.1","0.1","0.1","0.1","0.1","0.1","0.1","0.2","0.2","0.2",
"Kenya","KEN","Prevalence of HIV, total (% of population ages 15-49)","SH.DYN.AIDS.ZS","5.5","6.6","7.6","8.5","9.3","9.8","10.1","10.2","10","9.7","9.3","8.8","8.3","7.7","7.3","6.8","6.5","6.3","6.1","6","5.6","5.5","5.5","5.4","5.2","5.1","5",
"Kyrgyz Republic","KGZ","Prevalence of HIV, total (% of population ages 15-49)","SH.DYN.AIDS.ZS","0.1","0.1","0.1","0.1","0.1","0.1","0.1","0.1","0.1","0.1","0.1","0.1","0.1","0.1","0.1","0.1","0.1","0.1","0.1","0.1","0.1","0.1","0.2","0.2","0.2","0.2","0.2",
"Cambodia","KHM","Prevalence of HIV, total (% of population ages 15-49)","SH.DYN.AIDS.ZS","0.1","0.1","0.3","0.5","0.9","1.3","1.5","1.7","1.7","1.7","1.6","1.5","1.4","1.3","1.2","1.1","1","0.9","0.9","0.8","0.8","0.7","0.7","0.7","0.6","0.6","0.6",
"Kiribati","KIR","Prevalence of HIV, total (% of population ages 15-49)","SH.DYN.AIDS.ZS","","","","","","","","","","","","","","","","","","","","","","","","","","","",
"St. Kitts and Nevis","KNA","Prevalence of HIV, total (% of population ages 15-49)","SH.DYN.AIDS.ZS","","","","","","","","","","","","","","","","","","","","","","","","","","","",
"Korea, Rep.","KOR","Prevalence of HIV, total (% of population ages 15-49)","SH.DYN.AIDS.ZS","","","","","","","","","","","","","","","","","","","","","","","","","","","",
"Kuwait","KWT","Prevalence of HIV, total (% of population ages 15-49)","SH.DYN.AIDS.ZS","0.1","0.1","0.1","0.1","0.1","0.1","0.1","0.1","0.1","0.1","0.1","0.1","0.1","0.1","0.1","0.1","0.1","0.1","0.1","0.1","0.1","0.1","0.1","0.1","0.1","0.1","0.1",
"Latin America & Caribbean (excluding high income)","LAC","Prevalence of HIV, total (% of population ages 15-49)","SH.DYN.AIDS.ZS","0.205903896094669","0.22680674076384","0.26804636309009","0.288227094569141","0.337931936152497","0.357976318319869","0.368409034653859","0.385048084328581","0.382477725172973","0.393189449532959","0.398543759473972","0.43956258203608","0.443183070120914","0.443550570587299","0.435506459763105","0.426251182464537","0.467949841259014","0.462143499041113","0.462729946220595","0.459175094322713","0.460303317100311","0.459619113145806","0.48113630890377","0.516295297905864","0.515805747389616","0.510568057165075","0.510391398780735",
"Lao PDR","LAO","Prevalence of HIV, total (% of population ages 15-49)","SH.DYN.AIDS.ZS","0.1","0.1","0.1","0.1","0.1","0.1","0.1","0.1","0.1","0.1","0.1","0.1","0.2","0.2","0.2","0.2","0.2","0.3","0.3","0.3","0.3","0.3","0.3","0.3","0.3","0.3","0.3",
"Lebanon","LBN","Prevalence of HIV, total (% of population ages 15-49)","SH.DYN.AIDS.ZS","0.1","0.1","0.1","0.1","0.1","0.1","0.1","0.1","0.1","0.1","0.1","0.1","0.1","0.1","0.1","0.1","0.1","0.1","0.1","0.1","0.1","0.1","0.1","0.1","0.1","0.1","0.1",
"Liberia","LBR","Prevalence of HIV, total (% of population ages 15-49)","SH.DYN.AIDS.ZS","4.1","4.6","4.9","5.2","5.3","5.3","5.2","5","4.8","4.5","4.2","3.9","3.6","3.3","3","2.8","2.5","2.4","2.2","2.1","2","1.8","1.8","1.7","1.6","1.5","1.5",
"Libya","LBY","Prevalence of HIV, total (% of population ages 15-49)","SH.DYN.AIDS.ZS","","","","","","","","","","","","","","","","","","","","","","","","","","","",
"St. Lucia","LCA","Prevalence of HIV, total (% of population ages 15-49)","SH.DYN.AIDS.ZS","","","","","","","","","","","","","","","","","","","","","","","","","","","",
"Latin America & Caribbean","LCN","Prevalence of HIV, total (% of population ages 15-49)","SH.DYN.AIDS.ZS","0.195314364582604","0.221389866628211","0.258629117622001","0.284676919265688","0.329044785813009","0.347148537678876","0.360582343049905","0.375898439832318","0.374667593056833","0.384171613386495","0.389892363940263","0.426768939831861","0.42996471924162","0.434376212106209","0.427289422296198","0.419180331965393","0.457062356902228","0.458781782714821","0.459361734893381","0.456202932932302","0.460238525149189","0.460179161350814","0.479303314881587","0.511008699526186","0.513403028317184","0.508651451703758","0.509151358734852",
"Least developed countries: UN classification","LDC","Prevalence of HIV, total (% of population ages 15-49)","SH.DYN.AIDS.ZS","1.51715114886353","1.7263340716507","1.92087908149707","2.09030815181954","2.26104382148564","2.39663544247638","2.49798913680519","2.55401829004627","2.60027132719785","2.59923195353481","2.58948151746519","2.55119537818125","2.49275747200385","2.43505977496583","2.37314718649047","2.30675349532049","2.25629009425695","2.20759859961484","2.17432467174269","2.1511018356278","2.13150359587173","2.09314537441503","2.07075819782238","2.0392060289992","2.02048472618713","1.98037239696965","1.94982363632221",
"Low income","LIC","Prevalence of HIV, total (% of population ages 15-49)","SH.DYN.AIDS.ZS","2.79523425799087","3.19897370618278","3.54438073641029","3.84962988407649","4.12371831789753","4.33513406947945","4.47079514322475","4.53019282391826","4.55855951742353","4.51564609723881","4.43812264194591","4.32884130890066","4.17024106035994","4.0177552696181","3.8577627595156","3.70317921211801","3.57991214299267","3.45614527341521","3.36330788847001","3.29059719052852","3.22474358225789","3.15137541836081","3.08919067311331","3.01016109589077","2.95985418307211","2.87380925170135","2.80650294011766",
"Liechtenstein","LIE","Prevalence of HIV, total (% of population ages 15-49)","SH.DYN.AIDS.ZS","","","","","","","","","","","","","","","","","","","","","","","","","","","",
"Sri Lanka","LKA","Prevalence of HIV, total (% of population ages 15-49)","SH.DYN.AIDS.ZS","0.1","0.1","0.1","0.1","0.1","0.1","0.1","0.1","0.1","0.1","0.1","0.1","0.1","0.1","0.1","0.1","0.1","0.1","0.1","0.1","0.1","0.1","0.1","0.1","0.1","0.1","0.1",
"Lower middle income","LMC","Prevalence of HIV, total (% of population ages 15-49)","SH.DYN.AIDS.ZS","0.288566185533435","0.330176342002121","0.379198140202118","0.469062067529171","0.566014829865094","0.657722267792232","0.697097457704749","0.769955999269711","0.798525223722753","0.808463784535999","0.819304767607417","0.814419598481469","0.816262051214943","0.76999314532664","0.759148198258223","0.752610655371906","0.750508999713877","0.694968203022684","0.691853433765061","0.685967112577891","0.684491181919419","0.678741724635045","0.675426696741035","0.630149029202875","0.624114661398133","0.624510509821322","0.619938960956708",
"Low & middle income","LMY","Prevalence of HIV, total (% of population ages 15-49)","SH.DYN.AIDS.ZS","0.501740594587769","0.586381208773996","0.675893680014972","0.788584385147797","0.906378183005231","1.01774402245152","1.08586763022185","1.16774372022235","1.2149316373109","1.23770960570156","1.25842126554801","1.26328778030915","1.2652980591334","1.23117667197299","1.21868638409854","1.20557444322658","1.20743520519637","1.16518880839812","1.16217461374667","1.15778086002898","1.16014332223458","1.15535395204347","1.15547878742795","1.13241236468452","1.13037884492191","1.12894253951478","1.12480832912775",
"Lesotho","LSO","Prevalence of HIV, total (% of population ages 15-49)","SH.DYN.AIDS.ZS","1.5","2.5","4.2","6.3","8.9","11.7","14.5","17.1","19.2","20.8","21.9","22.5","22.7","22.7","22.4","22.1","21.9","21.7","21.8","22","22.2","22.5","22.9","23.2","23.5","23.8","23.9",
"Lithuania","LTU","Prevalence of HIV, total (% of population ages 15-49)","SH.DYN.AIDS.ZS","0.1","0.1","0.1","0.1","0.1","0.1","0.1","0.1","0.1","0.1","0.1","0.1","0.1","0.1","0.1","0.1","0.1","0.1","0.1","0.1","0.1","0.1","0.1","0.1","0.1","0.1","0.1",
"Luxembourg","LUX","Prevalence of HIV, total (% of population ages 15-49)","SH.DYN.AIDS.ZS","0.1","0.1","0.1","0.1","0.1","0.1","0.1","0.1","0.1","0.1","0.1","0.1","0.1","0.1","0.2","0.2","0.2","0.2","0.2","0.2","0.2","0.2","0.2","0.2","0.2","0.2","0.3",
"Latvia","LVA","Prevalence of HIV, total (% of population ages 15-49)","SH.DYN.AIDS.ZS","","","","","","","","","","","","","","","","","","","","","","","","","","","",
"Macao SAR, China","MAC","Prevalence of HIV, total (% of population ages 15-49)","SH.DYN.AIDS.ZS","","","","","","","","","","","","","","","","","","","","","","","","","","","",
"St. Martin (French part)","MAF","Prevalence of HIV, total (% of population ages 15-49)","SH.DYN.AIDS.ZS","","","","","","","","","","","","","","","","","","","","","","","","","","","",
"Morocco","MAR","Prevalence of HIV, total (% of population ages 15-49)","SH.DYN.AIDS.ZS","0.1","0.1","0.1","0.1","0.1","0.1","0.1","0.1","0.1","0.1","0.1","0.1","0.1","0.1","0.1","0.1","0.1","0.1","0.1","0.1","0.1","0.1","0.1","0.1","0.1","0.1","0.1",
"Monaco","MCO","Prevalence of HIV, total (% of population ages 15-49)","SH.DYN.AIDS.ZS","","","","","","","","","","","","","","","","","","","","","","","","","","","",
"Moldova","MDA","Prevalence of HIV, total (% of population ages 15-49)","SH.DYN.AIDS.ZS","0.1","0.1","0.1","0.1","0.1","0.1","0.1","0.1","0.1","0.1","0.1","0.1","0.1","0.2","0.2","0.2","0.2","0.3","0.3","0.4","0.4","0.4","0.4","0.5","0.5","0.5","0.5",
"Madagascar","MDG","Prevalence of HIV, total (% of population ages 15-49)","SH.DYN.AIDS.ZS","0.1","0.1","0.1","0.1","0.1","0.1","0.1","0.1","0.1","0.2","0.2","0.2","0.2","0.2","0.2","0.2","0.2","0.2","0.2","0.2","0.2","0.2","0.2","0.2","0.2","0.2","0.2",
"Maldives","MDV","Prevalence of HIV, total (% of population ages 15-49)","SH.DYN.AIDS.ZS","","","","","","","","","","","","","","","","","","","","","","","","","","","",
"Middle East & North Africa","MEA","Prevalence of HIV, total (% of population ages 15-49)","SH.DYN.AIDS.ZS","0.1","0.100657494115526","0.100990488481192","0.101628917797788","0.102570529932677","0.103456059290675","0.104696289342177","0.105622506865707","0.1065531116665","0.107498595604","0.108150267396046","0.108428884006626","0.108414339143509","","","","","","","","","","","","","","",
"Mexico","MEX","Prevalence of HIV, total (% of population ages 15-49)","SH.DYN.AIDS.ZS","0.1","0.1","0.2","0.2","0.2","0.2","0.2","0.2","0.2","0.2","0.2","0.2","0.2","0.2","0.2","0.2","0.2","0.2","0.2","0.2","0.2","0.2","0.3","0.3","0.3","0.3","0.3",
"Marshall Islands","MHL","Prevalence of HIV, total (% of population ages 15-49)","SH.DYN.AIDS.ZS","","","","","","","","","","","","","","","","","","","","","","","","","","","",
"Middle income","MIC","Prevalence of HIV, total (% of population ages 15-49)","SH.DYN.AIDS.ZS","0.269496330836647","0.320843335393722","0.38314419113963","0.474720226291196","0.574653714985597","0.673492341474538","0.733159733660231","0.815443939460844","0.862271694889176","0.889287640628466","0.917419633485963","0.931633759792591","0.947811938658128","0.923182636385209","0.923377167971692","0.922309077299282","0.934666918028209","0.897864312875822","0.901231672157174","0.900672255717051","0.906823452454909","0.906048908998095","0.909387260640858","0.888760727002415","0.888223035500332","0.893273946726026","0.893053346243618",
"Macedonia, FYR","MKD","Prevalence of HIV, total (% of population ages 15-49)","SH.DYN.AIDS.ZS","0.1","0.1","0.1","0.1","0.1","0.1","0.1","0.1","0.1","0.1","0.1","0.1","0.1","0.1","0.1","0.1","0.1","0.1","0.1","0.1","0.1","0.1","0.1","0.1","0.1","0.1","0.1",
"Mali","MLI","Prevalence of HIV, total (% of population ages 15-49)","SH.DYN.AIDS.ZS","1","1.1","1.2","1.3","1.4","1.5","1.5","1.5","1.6","1.6","1.5","1.5","1.5","1.5","1.5","1.4","1.4","1.4","1.4","1.4","1.4","1.4","1.4","1.4","1.3","1.3","1.3",
"Malta","MLT","Prevalence of HIV, total (% of population ages 15-49)","SH.DYN.AIDS.ZS","","","","","","","","","","","","","","","","","","","","","","","","","","","",
"Myanmar","MMR","Prevalence of HIV, total (% of population ages 15-49)","SH.DYN.AIDS.ZS","0.1","0.1","0.2","0.2","0.3","0.3","0.4","0.4","0.5","0.5","0.6","0.6","0.7","0.7","0.8","0.8","0.8","0.8","0.8","0.8","0.8","0.7","0.7","0.7","0.7","0.7","0.7",
"Middle East & North Africa (excluding high income)","MNA","Prevalence of HIV, total (% of population ages 15-49)","SH.DYN.AIDS.ZS","0.1","0.100671944490567","0.100997834892322","0.101640929272715","0.102589354013624","0.103518276226342","0.104779670399142","0.105723292368509","0.106673057811297","0.107638485078315","0.10830402280996","0.108589800204549","0.108576328212921","0.108576807551709","0.107946656538464","0.107638540918997","0.107045102068357","0.106772526439535","0.106177148838163","0.105906142038143","0.105303983234598","0.105025965735107","0.10474434439706","0.104801166187013","0.104512491896481","0.104566717493833","0.104264464073527",
"Montenegro","MNE","Prevalence of HIV, total (% of population ages 15-49)","SH.DYN.AIDS.ZS","0.1","0.1","0.1","0.1","0.1","0.1","0.1","0.1","0.1","0.1","0.1","0.1","0.1","0.1","0.1","0.1","0.1","0.1","0.1","0.1","0.1","0.1","0.1","0.1","0.1","0.1","0.1",
"Mongolia","MNG","Prevalence of HIV, total (% of population ages 15-49)","SH.DYN.AIDS.ZS","0.1","0.1","0.1","0.1","0.1","0.1","0.1","0.1","0.1","0.1","0.1","0.1","0.1","0.1","0.1","0.1","0.1","0.1","0.1","0.1","0.1","0.1","0.1","0.1","0.1","0.1","0.1",
"Northern Mariana Islands","MNP","Prevalence of HIV, total (% of population ages 15-49)","SH.DYN.AIDS.ZS","","","","","","","","","","","","","","","","","","","","","","","","","","","",
"Mozambique","MOZ","Prevalence of HIV, total (% of population ages 15-49)","SH.DYN.AIDS.ZS","1.6","2.1","2.8","3.4","4.2","5.1","6","7","7.9","8.8","9.7","10.5","11.2","11.8","12.3","12.6","12.9","13","13.2","13.3","13.3","13.3","13.3","13.2","13","12.9","12.7",
"Mauritania","MRT","Prevalence of HIV, total (% of population ages 15-49)","SH.DYN.AIDS.ZS","0.3","0.4","0.4","0.5","0.5","0.6","0.7","0.7","0.8","0.8","0.9","0.9","0.9","0.9","0.9","0.9","0.8","0.8","0.7","0.7","0.6","0.6","0.5","0.5","0.5","0.4","0.4",
"Mauritius","MUS","Prevalence of HIV, total (% of population ages 15-49)","SH.DYN.AIDS.ZS","","","","","","","","","","","","","","","","","","","","","","","","","","","",
"Malawi","MWI","Prevalence of HIV, total (% of population ages 15-49)","SH.DYN.AIDS.ZS","6","7.7","9.4","10.9","12.3","13.4","14.2","14.7","14.9","14.9","14.7","14.3","13.9","13.3","12.8","12.2","11.8","11.4","11.1","11","10.9","10.7","10.6","10.5","10.3","10.1","9.9",
"Malaysia","MYS","Prevalence of HIV, total (% of population ages 15-49)","SH.DYN.AIDS.ZS","0.3","0.4","0.4","0.4","0.4","0.5","0.5","0.5","0.5","0.5","0.5","0.5","0.5","0.5","0.5","0.5","0.5","0.5","0.5","0.5","0.5","0.5","0.4","0.4","0.4","0.4","0.4",
"North America","NAC","Prevalence of HIV, total (% of population ages 15-49)","SH.DYN.AIDS.ZS","","","","","","","","","","","","","","","","","","","","","","","","","","","",
"Namibia","NAM","Prevalence of HIV, total (% of population ages 15-49)","SH.DYN.AIDS.ZS","2","2.9","4","5.4","7","8.6","10.2","11.6","12.8","13.7","14.3","14.6","14.6","14.5","14.2","13.8","13.5","13.3","13.2","13.1","13","12.9","12.8","12.8","12.6","12.5","12.3",
"New Caledonia","NCL","Prevalence of HIV, total (% of population ages 15-49)","SH.DYN.AIDS.ZS","","","","","","","","","","","","","","","","","","","","","","","","","","","",
"Niger","NER","Prevalence of HIV, total (% of population ages 15-49)","SH.DYN.AIDS.ZS","0.2","0.3","0.3","0.4","0.5","0.5","0.6","0.6","0.7","0.7","0.7","0.7","0.7","0.7","0.7","0.6","0.6","0.6","0.5","0.5","0.5","0.4","0.4","0.4","0.4","0.4","0.3",
"Nigeria","NGA","Prevalence of HIV, total (% of population ages 15-49)","SH.DYN.AIDS.ZS","1.2","1.4","1.7","1.9","2.2","2.5","2.8","3","3.3","3.4","3.6","3.6","3.7","3.7","3.6","3.6","3.5","3.4","3.4","3.3","3.2","3.1","3","3","2.9","2.9","2.8",
"Nicaragua","NIC","Prevalence of HIV, total (% of population ages 15-49)","SH.DYN.AIDS.ZS","0.1","0.1","0.1","0.1","0.1","0.1","0.2","0.2","0.2","0.3","0.3","0.3","0.3","0.3","0.3","0.3","0.3","0.3","0.3","0.3","0.3","0.3","0.3","0.2","0.2","0.2","0.2",
"Netherlands","NLD","Prevalence of HIV, total (% of population ages 15-49)","SH.DYN.AIDS.ZS","0.1","0.1","0.1","0.1","0.1","0.1","0.1","0.1","0.1","0.1","0.1","0.1","0.1","0.1","0.2","0.2","0.2","0.2","0.2","0.2","0.2","0.2","0.2","0.2","0.2","0.2","0.2",
"Norway","NOR","Prevalence of HIV, total (% of population ages 15-49)","SH.DYN.AIDS.ZS","0.1","0.1","0.1","0.1","0.1","0.1","0.1","0.1","0.1","0.1","0.1","0.1","0.1","0.1","0.1","0.1","0.1","0.1","0.1","0.1","0.1","0.1","0.1","0.1","0.1","0.1","0.1",
"Nepal","NPL","Prevalence of HIV, total (% of population ages 15-49)","SH.DYN.AIDS.ZS","0.1","0.1","0.1","0.1","0.1","0.1","0.1","0.1","0.1","0.1","0.1","0.2","0.2","0.2","0.2","0.2","0.2","0.2","0.2","0.2","0.2","0.2","0.2","0.2","0.2","0.2","0.2",
"Nauru","NRU","Prevalence of HIV, total (% of population ages 15-49)","SH.DYN.AIDS.ZS","","","","","","","","","","","","","","","","","","","","","","","","","","","",
"New Zealand","NZL","Prevalence of HIV, total (% of population ages 15-49)","SH.DYN.AIDS.ZS","0.1","0.1","0.1","0.1","0.1","0.1","0.1","0.1","0.1","0.1","0.1","0.1","0.1","0.1","0.1","0.1","0.1","0.1","0.1","0.1","0.1","0.1","0.1","0.1","0.1","0.1","0.1",
"OECD members","OED","Prevalence of HIV, total (% of population ages 15-49)","SH.DYN.AIDS.ZS","","","","","","","","","","","","","","","","","","","","","","","","","","","",
"Oman","OMN","Prevalence of HIV, total (% of population ages 15-49)","SH.DYN.AIDS.ZS","","","","","","","","","","","","","","","","","","","","","","","","","","","",
"Pakistan","PAK","Prevalence of HIV, total (% of population ages 15-49)","SH.DYN.AIDS.ZS","0.1","0.1","0.1","0.1","0.1","0.1","0.1","0.1","0.1","0.1","0.1","0.1","0.1","0.1","0.1","0.1","0.1","0.1","0.1","0.1","0.1","0.1","0.1","0.1","0.1","0.1","0.1",
"Panama","PAN","Prevalence of HIV, total (% of population ages 15-49)","SH.DYN.AIDS.ZS","0.2","0.2","0.3","0.3","0.4","0.4","0.4","0.5","0.5","0.5","0.6","0.6","0.6","0.7","0.7","0.7","0.8","0.8","0.8","0.8","0.8","0.9","0.9","0.9","0.9","0.9","1",
"Peru","PER","Prevalence of HIV, total (% of population ages 15-49)","SH.DYN.AIDS.ZS","0.6","0.6","0.6","0.6","0.6","0.6","0.6","0.6","0.5","0.5","0.5","0.5","0.5","0.5","0.5","0.4","0.4","0.4","0.4","0.4","0.4","0.4","0.4","0.4","0.4","0.3","0.3",
"Philippines","PHL","Prevalence of HIV, total (% of population ages 15-49)","SH.DYN.AIDS.ZS","0.1","0.1","0.1","0.1","0.1","0.1","0.1","0.1","0.1","0.1","0.1","0.1","0.1","0.1","0.1","0.1","0.1","0.1","0.1","0.1","0.1","0.1","0.1","0.1","0.1","0.1","0.1",
"Palau","PLW","Prevalence of HIV, total (% of population ages 15-49)","SH.DYN.AIDS.ZS","","","","","","","","","","","","","","","","","","","","","","","","","","","",
"Papua New Guinea","PNG","Prevalence of HIV, total (% of population ages 15-49)","SH.DYN.AIDS.ZS","0.1","0.1","0.1","0.1","0.2","0.2","0.3","0.4","0.5","0.6","0.7","0.8","0.8","0.9","0.9","0.9","0.9","0.9","0.9","0.9","0.9","0.9","0.9","0.9","0.9","0.9","0.9",
"Poland","POL","Prevalence of HIV, total (% of population ages 15-49)","SH.DYN.AIDS.ZS","","","","","","","","","","","","","","","","","","","","","","","","","","","",
"Puerto Rico","PRI","Prevalence of HIV, total (% of population ages 15-49)","SH.DYN.AIDS.ZS","","","","","","","","","","","","","","","","","","","","","","","","","","","",
"Korea, Dem. People’s Rep.","PRK","Prevalence of HIV, total (% of population ages 15-49)","SH.DYN.AIDS.ZS","","","","","","","","","","","","","","","","","","","","","","","","","","","",
"Portugal","PRT","Prevalence of HIV, total (% of population ages 15-49)","SH.DYN.AIDS.ZS","0.2","0.2","0.2","0.3","0.3","0.4","0.4","0.4","0.5","0.5","0.5","0.5","0.6","0.6","0.6","0.6","0.6","0.6","0.6","0.6","0.6","0.6","0.6","0.6","0.6","0.6","0.6",
"Paraguay","PRY","Prevalence of HIV, total (% of population ages 15-49)","SH.DYN.AIDS.ZS","0.1","0.1","0.1","0.1","0.1","0.1","0.2","0.2","0.2","0.2","0.3","0.3","0.3","0.3","0.4","0.4","0.4","0.4","0.4","0.4","0.4","0.4","0.5","0.5","0.5","0.5","0.5",
"West Bank and Gaza","PSE","Prevalence of HIV, total (% of population ages 15-49)","SH.DYN.AIDS.ZS","","","","","","","","","","","","","","","","","","","","","","","","","","","",
"French Polynesia","PYF","Prevalence of HIV, total (% of population ages 15-49)","SH.DYN.AIDS.ZS","","","","","","","","","","","","","","","","","","","","","","","","","","","",
"Qatar","QAT","Prevalence of HIV, total (% of population ages 15-49)","SH.DYN.AIDS.ZS","0.1","0.1","0.1","0.1","0.1","0.1","0.1","0.1","0.1","0.1","0.1","0.1","0.1","0.1","0.1","0.1","0.1","0.1","0.1","0.1","0.1","0.1","0.1","0.1","0.1","0.1","0.1",
"Romania","ROU","Prevalence of HIV, total (% of population ages 15-49)","SH.DYN.AIDS.ZS","0.1","0.1","0.1","0.1","0.1","0.1","0.1","0.1","0.1","0.1","0.1","0.1","0.1","0.1","0.1","0.1","0.1","0.1","0.1","0.1","0.1","0.1","0.1","0.1","0.1","0.1","0.1",
"Russian Federation","RUS","Prevalence of HIV, total (% of population ages 15-49)","SH.DYN.AIDS.ZS","0.1","0.1","0.1","0.1","0.1","0.1","0.1","0.1","0.1","0.1","0.1","0.1","0.2","0.2","0.3","0.3","0.4","0.4","0.5","0.5","0.6","0.7","0.7","0.8","0.9","1","1.1",
"Rwanda","RWA","Prevalence of HIV, total (% of population ages 15-49)","SH.DYN.AIDS.ZS","4.2","4.8","5.3","5.7","5.9","6","5.9","5.8","5.5","5.3","5","4.7","4.4","4.1","3.8","3.6","3.4","3.3","3.3","3.2","3.2","3.1","3","3","2.9","2.8","2.8",
"South Asia","SAS","Prevalence of HIV, total (% of population ages 15-49)","SH.DYN.AIDS.ZS","0.1","0.1","0.1","0.178513684354164","0.256890108349609","0.33514265983281","0.334924982467163","0.412976779547396","0.412713294306718","0.412379914445517","0.411947963028489","0.41305727515192","0.412464634673702","0.33427851589342","0.333849100227954","0.333493732274106","0.333200731672262","0.25584945510968","0.25574458302006","0.255647689500117","0.255544193295374","0.255434315454815","0.255323838086266","0.178405324537536","0.178362331293801","0.178325121087353","0.178306331278517",
"Saudi Arabia","SAU","Prevalence of HIV, total (% of population ages 15-49)","SH.DYN.AIDS.ZS","","","","","","","","","","","","","","","","","","","","","","","","","","","",
"Sudan","SDN","Prevalence of HIV, total (% of population ages 15-49)","SH.DYN.AIDS.ZS","0.1","0.1","0.1","0.1","0.1","0.1","0.1","0.1","0.1","0.1","0.1","0.1","0.1","0.2","0.2","0.2","0.2","0.2","0.2","0.2","0.2","0.2","0.2","0.2","0.2","0.2","0.2",
"Senegal","SEN","Prevalence of HIV, total (% of population ages 15-49)","SH.DYN.AIDS.ZS","0.2","0.2","0.2","0.3","0.3","0.4","0.5","0.5","0.6","0.6","0.7","0.7","0.7","0.7","0.7","0.7","0.7","0.7","0.7","0.7","0.6","0.6","0.6","0.5","0.5","0.5","0.4",
"Singapore","SGP","Prevalence of HIV, total (% of population ages 15-49)","SH.DYN.AIDS.ZS","0.1","0.1","0.1","0.1","0.1","0.1","0.1","0.1","0.1","0.1","0.1","0.2","0.2","0.2","0.2","0.2","0.2","0.2","0.2","0.2","0.2","0.2","0.2","0.2","0.2","0.2","0.2",
"Solomon Islands","SLB","Prevalence of HIV, total (% of population ages 15-49)","SH.DYN.AIDS.ZS","","","","","","","","","","","","","","","","","","","","","","","","","","","",
"Sierra Leone","SLE","Prevalence of HIV, total (% of population ages 15-49)","SH.DYN.AIDS.ZS","0.1","0.2","0.2","0.3","0.3","0.4","0.5","0.6","0.7","0.8","1","1.1","1.2","1.3","1.5","1.5","1.6","1.6","1.6","1.6","1.6","1.6","1.6","1.5","1.5","1.4","1.4",
"El Salvador","SLV","Prevalence of HIV, total (% of population ages 15-49)","SH.DYN.AIDS.ZS","0.1","0.1","0.1","0.2","0.2","0.2","0.3","0.3","0.3","0.4","0.4","0.4","0.4","0.5","0.5","0.5","0.5","0.5","0.6","0.6","0.6","0.6","0.6","0.6","0.6","0.6","0.6",
"San Marino","SMR","Prevalence of HIV, total (% of population ages 15-49)","SH.DYN.AIDS.ZS","","","","","","","","","","","","","","","","","","","","","","","","","","","",
"Somalia","SOM","Prevalence of HIV, total (% of population ages 15-49)","SH.DYN.AIDS.ZS","0.1","0.1","0.1","0.1","0.2","0.2","0.2","0.3","0.3","0.3","0.4","0.4","0.4","0.4","0.4","0.4","0.4","0.3","0.3","0.3","0.2","0.2","0.2","0.2","0.2","0.1","0.1",
"Serbia","SRB","Prevalence of HIV, total (% of population ages 15-49)","SH.DYN.AIDS.ZS","0.1","0.1","0.1","0.1","0.1","0.1","0.1","0.1","0.1","0.1","0.1","0.1","0.1","0.1","0.1","0.1","0.1","0.1","0.1","0.1","0.1","0.1","0.1","0.1","0.1","0.1","0.1",
"Sub-Saharan Africa (excluding high income)","SSA","Prevalence of HIV, total (% of population ages 15-49)","SH.DYN.AIDS.ZS","2.43952697735036","2.87514054829305","3.31084704074386","3.73693604023092","4.16748648931595","4.58166048085175","4.92850371911496","5.18720313925949","5.40914747275851","5.50565913579682","5.5712461815012","5.53100897724872","5.4703795298423","5.36995549789832","5.23607501257439","5.12134597601297","5.00395208493988","4.89532508482327","4.81888809504788","4.74696270870476","4.65697024152477","4.57790117568134","4.51168183739591","4.45044950858998","4.37376044929333","4.29473534198471","4.21049709920736",
"South Sudan","SSD","Prevalence of HIV, total (% of population ages 15-49)","SH.DYN.AIDS.ZS","0.2","0.3","0.4","0.5","0.7","0.9","1.2","1.4","1.7","2","2.2","2.4","2.6","2.8","2.9","2.9","2.9","2.9","2.9","2.9","2.8","2.8","2.7","2.7","2.6","2.5","2.5",
"Sub-Saharan Africa","SSF","Prevalence of HIV, total (% of population ages 15-49)","SH.DYN.AIDS.ZS","2.43952697735036","2.87514054829305","3.31084704074386","3.73693604023091","4.16748648931595","4.58166048085175","4.92850371911496","5.18720313925949","5.40914747275852","5.50565913579682","5.5712461815012","5.53100897724872","5.4703795298423","5.36995549789833","5.23607501257439","5.12134597601298","5.00395208493988","4.89532508482327","4.81888809504788","4.74696270870476","4.65697024152477","4.57790117568134","4.51168183739591","4.45044950858998","4.37376044929333","4.29473534198471","4.21049709920736",
"Sao Tome and Principe","STP","Prevalence of HIV, total (% of population ages 15-49)","SH.DYN.AIDS.ZS","","","","","","","","","","","","","","","","","","","","","","","","","","","",
"Suriname","SUR","Prevalence of HIV, total (% of population ages 15-49)","SH.DYN.AIDS.ZS","0.1","0.2","0.2","0.3","0.4","0.5","0.6","0.7","0.9","1","1.1","1.2","1.3","1.3","1.3","1.3","1.3","1.2","1.2","1.2","1.2","1.2","1.2","1.2","1.3","1.3","1.3",
"Slovak Republic","SVK","Prevalence of HIV, total (% of population ages 15-49)","SH.DYN.AIDS.ZS","0.1","0.1","0.1","0.1","0.1","0.1","0.1","0.1","0.1","0.1","0.1","0.1","0.1","0.1","0.1","0.1","0.1","0.1","0.1","0.1","0.1","0.1","0.1","0.1","0.1","0.1","0.1",
"Slovenia","SVN","Prevalence of HIV, total (% of population ages 15-49)","SH.DYN.AIDS.ZS","0.1","0.1","0.1","0.1","0.1","0.1","0.1","0.1","0.1","0.1","0.1","0.1","0.1","0.1","0.1","0.1","0.1","0.1","0.1","0.1","0.1","0.1","0.1","0.1","0.1","0.1","0.1",
"Sweden","SWE","Prevalence of HIV, total (% of population ages 15-49)","SH.DYN.AIDS.ZS","","","","","","","","","","","","","","","","","","","","","","","","","","","",
"Eswatini","SWZ","Prevalence of HIV, total (% of population ages 15-49)","SH.DYN.AIDS.ZS","1.7","3.3","5.7","8.8","12.4","16.1","19.4","22","23.9","25.1","25.8","26.1","26.1","25.9","25.7","25.5","25.6","25.9","26.3","26.8","27.4","27.8","28.2","28.4","28.4","28.3","27.9",
"Sint Maarten (Dutch part)","SXM","Prevalence of HIV, total (% of population ages 15-49)","SH.DYN.AIDS.ZS","","","","","","","","","","","","","","","","","","","","","","","","","","","",
"Seychelles","SYC","Prevalence of HIV, total (% of population ages 15-49)","SH.DYN.AIDS.ZS","","","","","","","","","","","","","","","","","","","","","","","","","","","",
"Syrian Arab Republic","SYR","Prevalence of HIV, total (% of population ages 15-49)","SH.DYN.AIDS.ZS","","","","","","","","","","","","","","","","","","","","","","","","","","","",
"Turks and Caicos Islands","TCA","Prevalence of HIV, total (% of population ages 15-49)","SH.DYN.AIDS.ZS","","","","","","","","","","","","","","","","","","","","","","","","","","","",
"Chad","TCD","Prevalence of HIV, total (% of population ages 15-49)","SH.DYN.AIDS.ZS","1","1.2","1.4","1.5","1.7","1.8","2","2.1","2.1","2.2","2.2","2.2","2.1","2.1","2","1.9","1.8","1.8","1.7","1.6","1.6","1.6","1.5","1.5","1.4","1.4","1.3",
"Togo","TGO","Prevalence of HIV, total (% of population ages 15-49)","SH.DYN.AIDS.ZS","1","1.2","1.5","1.8","2.1","2.4","2.6","2.9","3.1","3.3","3.4","3.5","3.6","3.7","3.6","3.6","3.5","3.4","3.3","3.1","3","2.8","2.7","2.6","2.5","2.3","2.2",
"Thailand","THA","Prevalence of HIV, total (% of population ages 15-49)","SH.DYN.AIDS.ZS","0.6","1","1.4","1.7","1.8","1.9","2","2","2","1.9","1.9","1.8","1.7","1.7","1.6","1.5","1.5","1.5","1.4","1.4","1.4","1.3","1.3","1.3","1.2","1.2","1.1",
"Tajikistan","TJK","Prevalence of HIV, total (% of population ages 15-49)","SH.DYN.AIDS.ZS","0.1","0.1","0.1","0.1","0.1","0.1","0.1","0.1","0.1","0.1","0.1","0.1","0.1","0.1","0.1","0.1","0.2","0.2","0.2","0.2","0.2","0.2","0.2","0.2","0.2","0.2","0.3",
"Turkmenistan","TKM","Prevalence of HIV, total (% of population ages 15-49)","SH.DYN.AIDS.ZS","","","","","","","","","","","","","","","","","","","","","","","","","","","",
"Timor-Leste","TLS","Prevalence of HIV, total (% of population ages 15-49)","SH.DYN.AIDS.ZS","","","","","","","","","","","","","","","","","","","","","","","","","","","",
"Tonga","TON","Prevalence of HIV, total (% of population ages 15-49)","SH.DYN.AIDS.ZS","","","","","","","","","","","","","","","","","","","","","","","","","","","",
"Trinidad and Tobago","TTO","Prevalence of HIV, total (% of population ages 15-49)","SH.DYN.AIDS.ZS","0.3","0.4","0.5","0.6","0.6","0.7","0.8","0.8","0.9","0.9","1","1","1","1.1","1.1","1.1","1.2","1.2","1.2","1.2","1.2","1.2","1.2","1.2","1.2","1.2","1.2",
"Tunisia","TUN","Prevalence of HIV, total (% of population ages 15-49)","SH.DYN.AIDS.ZS","0.1","0.1","0.1","0.1","0.1","0.1","0.1","0.1","0.1","0.1","0.1","0.1","0.1","0.1","0.1","0.1","0.1","0.1","0.1","0.1","0.1","0.1","0.1","0.1","0.1","0.1","0.1",
"Turkey","TUR","Prevalence of HIV, total (% of population ages 15-49)","SH.DYN.AIDS.ZS","","","","","","","","","","","","","","","","","","","","","","","","","","","",
"Tuvalu","TUV","Prevalence of HIV, total (% of population ages 15-49)","SH.DYN.AIDS.ZS","","","","","","","","","","","","","","","","","","","","","","","","","","","",
"Tanzania","TZA","Prevalence of HIV, total (% of population ages 15-49)","SH.DYN.AIDS.ZS","4.9","5.7","6.5","7.1","7.7","8.1","8.3","8.4","8.4","8.3","8.1","7.8","7.5","7.1","6.8","6.4","6.1","5.9","5.7","5.5","5.4","5.2","5.1","4.9","4.8","4.7","4.6",
"Uganda","UGA","Prevalence of HIV, total (% of population ages 15-49)","SH.DYN.AIDS.ZS","10.7","10.6","10.3","10","9.6","9.2","8.7","8.2","7.8","7.4","7","6.8","6.5","6.4","6.4","6.4","6.5","6.5","6.6","6.7","6.7","6.7","6.7","6.6","6.5","6.3","6.1",
"Ukraine","UKR","Prevalence of HIV, total (% of population ages 15-49)","SH.DYN.AIDS.ZS","0.1","0.1","0.1","0.1","0.2","0.3","0.4","0.5","0.6","0.7","0.8","0.8","0.9","0.9","1","1","1","1","1","1","0.9","0.9","0.9","0.9","0.9","0.9","0.9",
"Upper middle income","UMC","Prevalence of HIV, total (% of population ages 15-49)","SH.DYN.AIDS.ZS","","","","","","","","","","","","","","","","","","","","","","","","","","","",
"Uruguay","URY","Prevalence of HIV, total (% of population ages 15-49)","SH.DYN.AIDS.ZS","0.1","0.1","0.1","0.2","0.2","0.2","0.3","0.3","0.4","0.4","0.4","0.5","0.5","0.5","0.5","0.5","0.5","0.5","0.5","0.5","0.5","0.5","0.5","0.6","0.6","0.6","0.6",
"United States","USA","Prevalence of HIV, total (% of population ages 15-49)","SH.DYN.AIDS.ZS","","","","","","","","","","","","","","","","","","","","","","","","","","","",
"Uzbekistan","UZB","Prevalence of HIV, total (% of population ages 15-49)","SH.DYN.AIDS.ZS","0.1","0.1","0.1","0.1","0.1","0.1","0.1","0.1","0.1","0.1","0.1","0.1","0.2","0.2","0.2","0.2","0.2","0.2","0.2","0.2","0.2","0.2","0.2","0.2","0.2","0.2","0.2",
"St. Vincent and the Grenadines","VCT","Prevalence of HIV, total (% of population ages 15-49)","SH.DYN.AIDS.ZS","","","","","","","","","","","","","","","","","","","","","","","","","","","",
"Venezuela, RB","VEN","Prevalence of HIV, total (% of population ages 15-49)","SH.DYN.AIDS.ZS","","","","","","","","","","","","","","","","","","","","","","","","","","","",
"British Virgin Islands","VGB","Prevalence of HIV, total (% of population ages 15-49)","SH.DYN.AIDS.ZS","","","","","","","","","","","","","","","","","","","","","","","","","","","",
"Virgin Islands (U.S.)","VIR","Prevalence of HIV, total (% of population ages 15-49)","SH.DYN.AIDS.ZS","","","","","","","","","","","","","","","","","","","","","","","","","","","",
"Vietnam","VNM","Prevalence of HIV, total (% of population ages 15-49)","SH.DYN.AIDS.ZS","0.1","0.1","0.1","0.1","0.1","0.1","0.1","0.1","0.2","0.2","0.2","0.3","0.3","0.3","0.3","0.4","0.4","0.4","0.4","0.4","0.4","0.4","0.4","0.4","0.4","0.4","0.4",
"Vanuatu","VUT","Prevalence of HIV, total (% of population ages 15-49)","SH.DYN.AIDS.ZS","","","","","","","","","","","","","","","","","","","","","","","","","","","",
"World","WLD","Prevalence of HIV, total (% of population ages 15-49)","SH.DYN.AIDS.ZS","0.3","0.3","0.4","0.5","0.5","0.6","0.6","0.7","0.7","0.7","0.8","0.8","0.8","0.8","0.8","0.8","0.8","0.7","0.7","0.7","0.7","0.7","0.8","0.8","0.8","0.8","0.8",
"Samoa","WSM","Prevalence of HIV, total (% of population ages 15-49)","SH.DYN.AIDS.ZS","","","","","","","","","","","","","","","","","","","","","","","","","","","",
"Kosovo","XKX","Prevalence of HIV, total (% of population ages 15-49)","SH.DYN.AIDS.ZS","","","","","","","","","","","","","","","","","","","","","","","","","","","",
"Yemen, Rep.","YEM","Prevalence of HIV, total (% of population ages 15-49)","SH.DYN.AIDS.ZS","","","","","","","","","","","","","","","","","","","","","","","","","","","",
"South Africa","ZAF","Prevalence of HIV, total (% of population ages 15-49)","SH.DYN.AIDS.ZS","0.6","1.1","1.8","2.9","4.2","5.9","7.6","9.3","10.9","12.2","13.4","14.3","15.1","15.7","16.2","16.7","17","17.3","17.6","17.9","18.1","18.2","18.4","18.6","18.7","18.8","18.9",
"Zambia","ZMB","Prevalence of HIV, total (% of population ages 15-49)","SH.DYN.AIDS.ZS","8.4","10","11.5","12.9","14","14.9","15.5","15.9","15.9","15.8","15.5","15","14.5","14","13.5","13.1","12.7","12.5","12.4","12.3","12.3","12.3","12.3","12.2","12.1","12","11.8",
"Zimbabwe","ZWE","Prevalence of HIV, total (% of population ages 15-49)","SH.DYN.AIDS.ZS","15.9","18.8","21.3","23.6","25.3","26.5","27.2","27.3","26.9","26.2","25.1","23.8","22.5","21.1","19.7","18.5","17.4","16.5","15.8","15.3","15","14.8","14.6","14.4","14.2","14","13.7",
